Model,Accuracy,Precision,Recall,F1 Score
Logistic Regression,0.4979,0.24790441000000002,0.4979,0.33100261699712935
Naive Bayes,0.4979,0.24790441000000002,0.4979,0.33100261699712935
